INSERT INTO bookLanguage (language_code, language_name)
VALUES ('EN', 'English'),
('FR', 'French'),
('SW', 'Swahili'),
('SP', 'Spanish'),
('DE', 'German'),

INSERT INTO author (author_id, first_name, last_name) 
VALUES (1, 'Mary', 'Rojas'),
(2, 'Eric', 'Mooney'),
(3, 'Brett', 'Phillips'),
(4, 'Kara', 'Jennings'),
(5, 'Rebecca', 'Mills'),
(6, 'John', 'Morales'),
(7, 'Michelle', 'Barron'),
(8, 'Jane', 'Green'),
(9, 'Wesley', 'Glass'),
(10, 'Renee', 'Jenkins'),
(11, 'Victor', 'Miller'),
(12, 'Andrew', 'Hansen'),
(13, 'Rebecca', 'Miller');

INSERT INTO book (book_id, title, language_code, publisher_id, price, published_date, isbn) 
VALUES (1, 'Create leave pressure spend.', 'EN', 26, 17.73, '2004-05-11', '9781046894198'),
(2, 'Away young test real.', 'SP', 26, 11.72, '2024-06-17', '9781702368629'),
(3, 'Draw rich do yet exist.', 'SP', 24, 46.52, '2015-07-16', '9780742229402'),
(4, 'List there.', 'SW', 9, 35.51, '2006-09-29', '9781383059106'),
(5, 'Threat decade short.', 'DE', 6, 27.68, '2022-01-03', '9780004564777'),
(6, 'Officer customer.', 'FR', 18, 35.35, '2008-03-22', '9780888635211'),
(7, 'Among south different design.', 'EN', 21, 29.29, '2022-04-18', '9781343363205'),
(8, 'Order entire forward may.', 'SW', 12, 18.87, '2018-03-18', '9781229537867'),
(9, 'Seven politics perhaps.', 'FR', 17, 12.49, '2007-02-18', '9781165613434'),
(10, 'Nothing quickly.', 'DE', 3, 31.93, '2012-10-13', '9780829557909'),
(11, 'Doctor soon compare owner.', 'SP', 30, 33.93, '2021-01-29', '9780545910132'),
(12, 'Crime so bag.', 'FR', 9, 34.39, '1997-03-28', '9781276336024'),
(13, 'Piece strategy instead training.', 'FR', 28, 46.32, '2002-06-07', '9780057624398'),
(14, 'Style break describe always.', 'EN', 6, 23.44, '2018-08-13', '9781704040417'),
(15, 'Interview activity risk account.', 'SW', 24, 39.27, '2000-06-10', '9781398004092'),
(16, 'Thought well for cold.', 'DE', 23, 6.82, '2023-04-05', '9781594383137'),
(17, 'Firm staff ever operation trip.', 'FR', 28, 31.76, '1995-06-28', '9781337010009'),
(18, 'Reality late.', 'FR', 14, 40.67, '2015-10-01', '9781403249395'),
(19, 'Grow government personal.', 'SP', 15, 37.89, '2002-06-11', '9781030584654'),
(20, 'Into blood down staff positive.', 'FR', 25, 18.51, '1998-12-22', '9781645681854'),
(21, 'Computer without.', 'SW', 27, 8.26, '2022-12-31', '9781144568519'),
(22, 'Half state space responsibility.', 'DE', 6, 13.98, '2007-01-31', '9781417521586'),
(23, 'Statement decade major appear.', 'SW', 27, 14.56, '1999-09-28', '9780722624562'),
(24, 'Us film arm.', 'EN', 29, 17.28, '2021-09-04', '9780307581686'),
(25, 'Operation gas with crime face.', 'SP', 16, 29.59, '2019-12-06', '9780721911045'),
(26, 'Stage from most.', 'FR', 19, 12.21, '1999-01-20', '9780848850562'),
(27, 'Break respond mother throughout.', 'DE', 12, 6.06, '2001-04-24', '9781660825288'),
(28, 'Western development out.', 'SW', 23, 39.25, '2006-08-23', '9781084546042'),
(29, 'Model call budget.', 'EN', 16, 37.87, '2021-09-15', '9780742143180'),
(30, 'Focus loss claim occur rise.', 'SP', 7, 16.27, '2002-05-30', '9780846189091');

INSERT INTO bookAuthor (book_id, author_id) 
VALUES (1, 1);
(2, 11),
(3, 1),
(4, 10),
(5, 6),
(6, 6),
(7, 7),
(8, 4),
(9, 13),
(10, 5),
(11, 3),
(12, 3),
(13, 2),
(14, 4),
(15, 9),
(16, 9),
(17, 13),
(18, 7),
(19, 9),
(20, 5),
(21, 8),
(22, 12),
(23, 1),
(24, 2);

INSERT INTO country (country_id, country_name) 
VALUES (1, 'Kenya'),
(2, 'USA'),
(3, 'UK'),
(4, 'Canada'),
(5, 'India');


INSERT INTO address (address_id, street, city, country_id) 
VALUES (1, '7160 David Station Apt. 875', 'South Jerryborough', 1),
(2, '34162 Timothy Point Apt. 523', 'Lake Amy', 4),
(3, '87824 Rivas Lock', 'Port Pamshire', 3),
(4, '558 Rose Green Suite 725', 'Traciside', 4),
(5, '79936 Ashley Fort Suite 075', 'Ericaside', 5),
(6, '2247 Taylor Lake', 'Port Nicholas', 1),
(7, '89581 King Via', 'North Christopherhaven', 1),
(8, '849 Cynthia Estates', 'Port Kimberly', 5),
(9, '00325 Kathryn Plaza Suite 455', 'Ericberg', 2),
(10, '453 Brent Villages Suite 435', 'New Donnamouth', 2),
(11, '585 King Burg', 'New Devin', 3),
(12, '93516 Chloe Key Apt. 013', 'East Patriciaburgh', 2),
(13, '43168 Garcia Via', 'North Kevinstad', 5),
(14, '971 Williams Ways', 'Port Rachelstad', 2),
(15, '367 Brown Causeway', 'North Andrea', 2),
(16, '125 Martinez Forks', 'West Alexanderport', 2),
(17, '42253 Bowman Lake', 'Port Rodney', 4),
(18, '165 Wolfe Fields', 'South Jeremiah', 1),
(19, '02870 Brown Haven Apt. 892', 'Franklinport', 5),
(20, '1169 Joseph Circles Suite 163', 'Myerschester', 3),
(21, '325 Eric Hill Suite 889', 'Danielfurt', 1),
(22, '32083 Underwood Turnpike Suite 070', 'East Crystalberg', 4),
(23, '07206 Joshua Row Suite 146', 'South Ryan', 4),
(24, '4504 Kathy Branch', 'Williamsburgh', 1),
(25, '5265 Cook Flat Suite 200', 'Thomaston', 1),
(26, '87134 Jacob Ridges', 'Davisfort', 3),
(27, '56314 Martinez Path', 'East Sydneymouth', 5),
(28, '5536 Caitlyn Fork', 'Lindseyborough', 4),
(29, '7477 Mariah Locks', 'Smithfurt', 5),
(30, '852 Steven Cliffs Suite 090', 'Douglaston', 3);


INSERT INTO addressStatus (status_id, status_description)
VALUES (1, 'Current'),
(2, 'Old');

INSERT INTO customer (customer_id, first_name, last_name, email) 
VALUES (1, 'Robert', 'Hendrix', 'sheila53@gmail.com'),
(2, 'Brianna', 'Ramirez', 'morgan17@larson-mills.com'),
(3, 'Charles', 'Gardner', 'cantrellbarbara@thomas.com'),
(4, 'Alexander', 'Lopez', 'timothy21@gonzales.com'),
(5, 'Allen', 'Webster', 'jwashington@gmail.com'),
(6, 'David', 'Huff', 'katherine36@gmail.com'),
(7, 'Jonathan', 'Lawson', 'williamsashley@boyle-clements.biz'),
(8, 'Patrick', 'Fernandez', 'wgonzalez@hotmail.com'),
(9, 'Gerald', 'Ware', 'heather01@elliott.net'),
(10, 'Gwendolyn', 'Johnson', 'bkane@hotmail.com'),
(11, 'Carrie', 'Martinez', 'hernandezrose@gibbs.net'),
(12, 'Michael', 'Brown', 'michaelarcher@hotmail.com'),
(13, 'Michael', 'Guzman', 'rileyteresa@garcia-peters.com'),
(14, 'Jason', 'Olson', 'angelicasimpson@yahoo.com'),
(15, 'Beverly', 'Pearson', 'ashley93@yahoo.com'),
(16, 'Suzanne', 'Wilkerson', 'uthompson@yahoo.com'),
(17, 'Jonathon', 'Lopez', 'duncanmegan@gmail.com'),
(18, 'Jason', 'Gonzalez', 'gonzalezstephen@newman.com'),
(19, 'Jared', 'Hubbard', 'cjohnston@adams-parsons.com'),
(20, 'Barry', 'Ramirez', 'smithryan@tucker.com');


INSERT INTO customer_address (customer_id, address_id, status_id) 
VALUES (1, 1, 2),
(2, 2, 1),
(3, 3, 2),
(4, 4, 2),
(5, 5, 2),
(6, 6, 1),
(7, 7, 2),
(8, 8, 1),
(9, 9, 1),
(10, 10, 1),
(11, 11, 2),
(12, 12, 1),
(13, 13, 2),
(14, 14, 2),
(15, 15, 1),
(16, 16, 2),
(17, 17, 1),
(18, 18, 2),
(19, 19, 2),
(20, 20, 2);


INSERT INTO shippingMethod (method_id, method_name) 
VALUES (1, 'Standard'),
(2, 'Express'),
(3, 'Next Day'),
(4, 'Pickup'),
(5, 'Courier'),
(1, 'Pending'),
(2, 'Shipped'),
(3, 'Delivered'),
(4, 'Cancelled');


INSERT INTO custOrder (order_id, customer_id, order_date, method_id, status_id) 
VALUES (1, 6, '2024-05-06', 3, 1),
(2, 17, '2025-01-11', 1, 3),
(3, 6, '2023-12-28', 2, 2),
(4, 12, '2025-03-06', 3, 1),
(5, 16, '2025-03-08', 2, 1),
(6, 17, '2025-03-04', 1, 4),
(7, 11, '2024-01-24', 2, 3),
(8, 5, '2024-12-16', 1, 4),
(9, 3, '2023-10-01', 3, 4),
(10, 18, '2024-11-17', 4, 3),
(11, 10, '2024-06-23', 5, 4),
(12, 4, '2024-04-06', 1, 2),
(13, 19, '2023-04-18', 1, 3),
(14, 3, '2024-06-15', 5, 3),
(15, 6, '2024-11-14', 5, 2),
(16, 15, '2025-01-11', 4, 4),
(17, 17, '2024-12-16', 2, 2),
(18, 1, '2023-06-25', 3, 2),
(19, 12, '2023-11-27', 1, 3),
(20, 4, '2023-05-22', 2, 4);

INSERT INTO orderLine (order_id, book_id, quantity, price) 
VALUES (1, 20, 1, 10.17),
(2, 26, 3, 33.99),
(3, 7, 1, 46.91),
(4, 17, 4, 8.11),
(5, 25, 4, 17.17),
(6, 10, 4, 16.63),
(7, 16, 4, 37.0),
(8, 28, 5, 19.3);,
(9, 6, 1, 48.91),
(10, 25, 3, 14.73),
(11, 22, 5, 41.55),
(12, 18, 1, 7.66),
(13, 5, 3, 33.57),
(14, 23, 1, 49.7),
(15, 13, 3, 5.53),
(16, 9, 2, 6.81),
(17, 14, 1, 11.64),
(18, 27, 1, 19.51),
(19, 26, 5, 8.22),
(20, 8, 4, 8.97);

INSERT INTO order_history (history_id, order_id, status_id, change_date) 
VALUES (1, 1, 1, '2024-04-20'),
(2, 2, 3, '2024-08-03'),
(3, 3, 4, '2025-03-14'),
(4, 4, 1, '2023-05-22'),
(5, 5, 3, '2023-08-17'),
(6, 6, 4, '2024-12-15'),
(7, 7, 3, '2024-03-01'),
(8, 8, 2, '2024-12-22'),
(9, 9, 2, '2025-02-07'),
(10, 10, 3, '2023-11-14'),
(11, 11, 4, '2024-01-05'),
(12, 12, 3, '2023-05-25'),
(13, 13, 1, '2024-06-24'),
(14, 14, 2, '2024-12-02'),
(15, 15, 1, '2023-09-01'),
(16, 16, 2, '2024-04-16'),
(17, 17, 1, '2024-04-02'),
(18, 18, 4, '2024-09-07'),
(19, 19, 4, '2024-06-25'),
(20, 20, 3, '2024-03-31'),
(21, 21, 2, '2023-06-17'),
(22, 22, 2, '2024-04-11'),
(23, 23, 1, '2024-03-30'),
(24, 24, 1, '2024-10-13'),
(25, 25, 4, '2023-06-27'),
(26, 26, 1, '2023-11-11'),
(27, 27, 1, '2023-09-30'),
(28, 28, 3, '2024-04-30'),
(29, 29, 2, '2024-06-24'),
(30, 30, 3, '2024-02-06');